{
  "bomFormat": "CycloneDX",
  "specVersion": "1.5",
  "version": 1,
  "metadata": {
    "timestamp": "2025-10-23T13:50:00Z",
    "component": {
      "type": "application",
      "name": "LOGOS-CORE",
      "version": "v0.1.5",
      "licenses": [
        {
          "license": {
            "id": "Apache-2.0"
          }
        }
      ]
    }
  },
  "components": [
    {
      "type": "library",
      "name": "python",
      "version": "3.x",
      "licenses": [
        {
          "license": {
            "id": "PSF-2.0"
          }
        }
      ]
    }
  ]
}